<filetype binary="false" description="kv language file" name="Kivy">
  <highlighting>
    <options>
      <option name="LINE_COMMENT" value="#" />
      <option name="COMMENT_START" value="#" />
      <option name="COMMENT_END" value="" />
      <option name="HEX_PREFIX" value="" />
      <option name="NUM_POSTFIXES" value="" />
      <option name="HAS_BRACES" value="true" />
      <option name="HAS_BRACKETS" value="true" />
      <option name="HAS_PARENS" value="true" />
      <option name="HAS_STRING_ESCAPES" value="true" />
    </options>
    <keywords keywords="Accordion;AnchorLayout;AsyncImage;BorderImage;BoxLayout;Bubble;BubbleButton;Button;Camera;Carousel;CheckBox;Checkbox;Codeinput;Colorpicker;Dropdown;Filechooser;FloatLayout;GridLayout;Image;Label;Layout;ListView;ModalView;PageLayout;Popup;ProgressBar;RecycleBoxLayout;RecycleGridLayout;RecycleLayout;RecycleView;RelativeLayout;Rst;RstDocument;Scatter;ScatterLayout;Screen;ScreenManager;ScrollView;SelectableView;Settings;Slider;Spinner;Splitter;StackLayout;StencilView;Switch;Tabbedpanel;TextInput;ToggleButton;TreeView;Treeview;Video;Videoplayer;Vkeyboard;Widget" ignore_case="false" />
    <keywords2 keywords="Color;Ellipse;Line;Rectangle;active;allow_stretch;anchor_x;anchor_y;app;background_color;background_down;background_normal;bar_color;bold;border;canvas;canvas.after;canvas.before;cap;center;center_x;center_y;col_default_width;col_force_default;color;cols;do_rotation;do_scale;do_scroll;do_scroll_x;do_scroll_y;do_translation;font_name;font_size;foreground_color;group;halign;height;id;left;markup;max;min;multiline;on_active;opacity;orientation;padding;points;pos;pos_hint;pos_hint_x;pos_hint_y;readonly;rgb;rgba;right;row_default_height;row_force_default;rows;scroll_x;scroll_y;separator_color;separator_height;size;size_hint;size_hint_x;size_hint_y;source;spacing;state;text;text_size;texture;top;valign;value;width" />
    <keywords3 keywords="on_alpha;on_anim_alpha;on_anim_delay;on_annotation;on_arrow_image;on_arrow_pos;on_background_color;on_background_image;on_checkbox_active;on_children;on_close;on_collapse;on_collapse_alpha;on_color;on_complete;on_config;on_config_change;on_container;on_content;on_current;on_cursor;on_default_tab_text;on_dismiss;on_do_default_tab;on_double_tap;on_duration_change;on_effect_cls;on_effect_x;on_effect_y;on_enter;on_entries_cleared;on_entry_added;on_focus;on_foreground_color;on_fullscreen;on_group;on_hint_text;on_hsv;on_index;on_is_open;on_key_down;on_key_up;on_leave;on_lexer;on_load_func;on_menu;on_nocache;on_node_collapse;on_node_expand;on_offset;on_opacity;on_open;on_orientation;on_origin;on_padding_x;on_padding_y;on_panel;on_parent;on_pause;on_play;on_pos;on_position;on_position_change;on_pre_enter;on_pre_leave;on_press;on_progress;on_quad_touch;on_radius;on_readonly;on_ref_press;on_release;on_remove_subentry;on_resume;on_root_options;on_scroll_complete;on_select;on_sizable_from;on_size;on_slides;on_source;on_state;on_subentry_to_entry;on_submit;on_tab_height;on_tab_pos;on_tab_width;on_tex;on_text;on_text_validate;on_texture;on_texture_size;on_touch_down;on_touch_move;on_touch_up;on_transform;on_triple_tap;on_value;on_video;on_viewport;on_volume" />
    <keywords4 keywords="None;PopMatrix;PushMatrix;Rotate;RoundedRectangle;SmoothLine;Triangle;always_release;angle;background_disabled_horizontal;background_disabled_vertical;background_horizontal;background_vertical;background_width;border_horizontal;border_vertical;cursor_disabled_image;cursor_height;cursor_image;cursor_size;cursor_width;dirselect;disabled_outline_color;dropdown_width;font_blended;font_hinting;font_kerning;ignore_perpendicular_swipes;min_state_time;minimum_height;minimum_size;minimum_width;mipmap;origin;outline_color;outline_width;password_mask;root;self;show_hidden;size_hint_max;size_hint_max_x;size_hint_max_y;size_hint_min;size_hint_min_x;size_hint_min_y;strikethrough;sync_height;text_autoupdate;text_entry_timeout;touch_deselect_last;underline;value_track;value_track_color;value_track_width" />
  </highlighting>
  <extensionMap>
    <mapping ext="kv" />
  </extensionMap>
</filetype>