<?xml version="1.0" encoding="UTF-8"?>
<filetype binary="false" default_extension="" description="Perl files" name="Perl">
  <highlighting>
    <options>
      <option name="LINE_COMMENT" value="#" />
      <option name="COMMENT_START" value="" />
      <option name="COMMENT_END" value="" />
      <option name="HEX_PREFIX" value="0x" />
      <option name="NUM_POSTFIXES" value="" />
      <option name="HAS_BRACES" value="true" />
      <option name="HAS_BRACKETS" value="true" />
      <option name="HAS_PARENS" value="true" />
      <option name="HAS_STRING_ESCAPES" value="true" />
    </options>
    <keywords keywords="and;bless;caller;continue;die;do;dump;else;elsif;eq;eval;exit;for;foreach;goto;if;import;last;local;my;ne;next;no;or;our;package;qw;redo;ref;require;return;sub;tie;tied;unless;untie;until;use;wantarray;while" ignore_case="false" />
    <keywords2 keywords="chmod;chomp;close;exists;grep;join;keys;length;open;print;push;seek;shift;split;truncate;warn" />
  </highlighting>
  <extensionMap />
</filetype>

